,keywords
tt0944947,
tt0903747,
tt4574334,
tt1520211,
tt0108778,
tt1475582,
tt0898266,
tt0773262,
tt0460649,
tt0386676,
tt2356777,
tt2442560,
tt2085059,
tt0411008,
tt3032476,
tt0455275,
tt2306299,
tt2861424,
tt1190634,
tt8111088,
tt0475784,
tt5180504,
tt1856010,
tt6468322,
tt0412142,
tt10919420,
tt0460681,
tt3322312,
tt1442437,
tt2193021,
tt2707408,
tt1632701,
tt0141842,
tt0096697,
tt5753856,
tt2560140,
tt4158110,
tt0121955,
tt2802850,
tt3107288,
tt0306414,
tt0182576,
tt1796960,
tt3581920,
tt0877057,
tt4052886,
tt9140554,
tt1405406,
tt0098904,
tt2467372,
tt0417299,
tt7631058,
tt1844624,
tt5071412,
tt11198330,
tt0413573,
tt0367279,
tt2372162,
tt1124373,
tt5290382,
tt1837492,
tt14392248,
tt13443470,
tt7767422,
tt1439629,
tt0303461,
tt7335184,
tt0369179,
tt1266020,
tt0285403,
tt2243973,
tt2661044,
tt2741602,
tt1312171,
tt0844441,
tt1586680,
tt1119644,
tt1442449,
tt5834204,
tt0804503,
tt0813715,
tt5675620,
tt0149460,
tt10986410,
tt3749900,
tt0472954,
tt0106179,
tt1826940,
tt0436992,
tt1843230,
tt4786824,
tt11126994,
tt2364582,
tt2357547,
tt1606375,
tt3920596,
tt0452046,
tt0098936,
tt6257970,
tt8772296,
tt0979432,
tt7221388,
tt0285331,
tt1196946,
tt0904208,
tt0165598,
tt1839578,
tt0397442,
tt9561862,
tt2261227,
tt1355642,
tt0384766,
tt10857160,
tt0387199,
tt1578873,
tt4236770,
tt0407362,
tt5687612,
tt4955642,
tt4508902,
tt7657124,
tt1219024,
tt3398228,
tt0460627,
tt3006802,
tt7660850,
tt13668894,
tt13406094,
tt3230854,
tt1486217,
tt2431438,
tt0487831,
tt3205802,
tt2575988,
tt1567432,
tt1751634,
tt0364845,
tt0118276,
tt1327801,
tt6741278,
tt5555260,
tt5420376,
tt12392504,
tt4179452,
tt5057054,
tt0193676,
tt11280740,
tt1474684,
tt8740790,
tt3647998,
tt0934814,
tt8398600,
tt2632424,
tt0098800,
tt0248654,
tt0214341,
tt0388629,
tt0212671,
tt1358522,
tt3322314,
tt0988824,
tt3322310,
tt9288030,
tt3743822,
tt0264235,
tt0238784,
tt0410975,
tt0279600,
tt0397306,
tt0159206,
tt6048596,
tt9253284,
tt3526078,
tt0496424,
tt5171438,
tt4016454,
tt1695360,
tt2628232,
tt0092455,
tt0213338,
tt0096657,
tt1830617,
tt1235099,
tt7016936,
tt10168312,
tt1837642,
tt1628033,
tt14650074,
tt1870479,
tt5788792,
tt13146488,
tt2249364,
tt0290978,
tt1865718,
tt1637727,
tt2531336,
tt2191671,
tt0439100,
tt2234222,
tt9335498,
tt0203259,
tt12851524,
tt2188671,
tt0348914,
tt2294189,
tt2017109,
tt7462410,
tt0409591,
tt1553656,
tt2098220,
tt4635282,
tt2375692,
tt0103359,
tt7203552,
tt4532368,
tt0092400,
tt0460091,
tt8962124,
tt1043813,
tt1740299,
tt1489428,
tt1548850,
tt0458290,
tt2699128,
tt2149175,
tt0206512,
tt5232792,
tt0118421,
tt1845307,
tt0491738,
tt1305826,
tt6470478,
tt7520794,
tt7569592,
tt5189670,
tt4270492,
tt2788432,
tt0118480,
tt2403776,
tt0072500,
tt11743610,
tt9319668,
tt1831164,
tt5296406,
tt1399664,
tt6315640,
tt5114356,
tt8064302,
tt0362359,
tt5691552,
tt3530232,
tt1462059,
tt3007572,
tt1220617,
tt9544034,
tt2071645,
tt6077448,
tt2249007,
tt1898069,
tt7949218,
tt5348176,
tt0840196,
tt0106004,
tt8550800,
tt8714904,
tt0060028,
tt0158552,
tt14452776,
tt0052520,
tt3475734,
tt0247082,
tt2070791,
tt1561755,
tt1641349,
tt0165581,
tt1199099,
tt2654620,
tt7134908,
tt6524350,
tt0286486,
tt7908628,
tt0368530,
tt11823076,
tt0121220,
tt1869454,
tt9170108,
tt10795658,
tt1492966,
tt0200276,
tt8806524,
tt4288182,
tt5607976,
tt1442462,
tt0312172,
tt5712554,
tt2094262,
tt5016504,
tt0758790,
tt0810788,
tt0063929,
tt1837576,
tt4474344,
tt4189022,
tt1600194,
tt6473300,
tt0412253,
tt3502248,
tt2189461,
tt4635276,
tt3339966,
tt1723816,
tt9432978,
tt0112159,
tt12004706,
tt0489974,
tt12411074,
tt0115167,
tt0421357,
tt0162065,
tt8421350,
tt0112178,
tt1733785,
tt0994314,
tt14153790,
tt5580540,
tt3501584,
tt4093826,
tt4742876,
tt6517102,
tt7826376,
tt4422836,
tt12343534,
tt10813940,
tt6226232,
tt0374455,
tt0758745,
tt14852808,
tt5626028,
tt9612516,
tt0353049,
tt8291284,
tt9446688,
tt4145054,
tt2934286,
tt0106145,
tt1910272,
tt5363918,
tt10293938,
tt0108757,
tt0804484,
tt4834206,
tt0863046,
tt2303687,
tt10062292,
tt0387764,
tt2647544,
tt7423538,
tt1954347,
tt1051220,
tt4428122,
tt0280249,
tt4477976,
tt1441135,
tt5618256,
tt0851851,
tt9680440,
tt11117570,
tt3230454,
tt2402207,
tt0092359,
tt0088509,
tt0262150,
tt0866442,
tt0434665,
tt2261391,
tt0068098,
tt3487382,
tt5651844,
tt0313043,
tt5421602,
tt7569576,
tt0445114,
tt1759761,
tt0925266,
tt0083399,
tt2618986,
tt0157246,
tt0805663,
tt1307824,
tt10638036,
tt6156584,
tt7440726,
tt0361217,
tt4604612,
tt3514324,
tt0187664,
tt12590266,
tt8416494,
tt0796264,
tt0278238,
tt2177461,
tt0244365,
tt1344204,
tt1378167,
tt1132290,
tt6474378,
tt11041332,
tt3520702,
tt0118375,
tt12809988,
tt14169960,
tt3489184,
tt1832979,
tt0096548,
tt3609352,
tt1610527,
tt0115082,
tt0383126,
tt4047038,
tt0081912,
tt1699748,
tt3566726,
tt4254242,
tt3428912,
tt13365348,
tt1103987,
tt1592154,
tt1582457,
tt0285333,
tt9059350,
tt1286039,
tt8179402,
tt2710394,
tt2654580,
tt1442464,
tt0423731,
tt4687880,
tt0115157,
tt1135300,
tt0072562,
tt2937900,
tt1480684,
tt0852863,
tt11311302,
tt7456722,
tt6611916,
tt1710308,
tt3281796,
tt2384811,
tt10834220,
tt0275137,
tt0395843,
tt1837654,
tt5770786,
tt2250192,
tt6548228,
tt3865236,
tt0402711,
tt0088484,
tt0115147,
tt0460644,
tt0094525,
tt7772588,
tt7120662,
tt8415836,
tt0220880,
tt2699110,
tt2930604,
tt10233448,
tt2708480,
tt0237123,
tt0112230,
tt0290988,
tt3148266,
tt0389564,
tt16358384,
tt10541088,
tt0101120,
tt0319969,
tt6317068,
tt2891574,
tt7587890,
tt0106080,
tt1225901,
tt0092324,
tt1663676,
tt8712204,
tt5511582,
tt0805669,
tt0103584,
tt8242548,
tt0168366,
tt0163507,
tt0094540,
tt7671598,
tt1441109,
tt0437745,
tt2235759,
tt0175058,
tt0105958,
tt8289930,
tt7817340,
tt6905686,
tt4061080,
tt22014226,
tt0433309,
tt9077530,
tt2189221,
tt0375355,
tt4159076,
tt1703925,
tt0088526,
tt4145384,
tt1821681,
tt11912196,
tt0348913,
tt0318871,
tt1641384,
tt9660182,
tt3921180,
tt1595859,
tt0118300,
tt0235918,
tt8690918,
tt2100976,
tt1195935,
tt0485301,
tt5645432,
tt0111958,
tt0493093,
tt2049116,
tt0972534,
tt7255502,
tt1267295,
tt2309295,
tt3358020,
tt8068860,
tt0363328,
tt4122068,
tt12708542,
tt8788458,
tt0098844,
tt13833978,
tt4998212,
tt2452242,
tt5574490,
tt0115341,
tt2805096,
tt0088559,
tt6932244,
tt3228904,
tt1728102,
tt9251798,
tt0084967,
tt5774002,
tt5875444,
tt0084988,
tt0460637,
tt1519931,
tt1587678,
tt0458254,
tt5164196,
tt4326894,
tt1615919,
tt4181172,
tt0184111,
tt0094582,
tt1819509,
tt6656238,
tt2712740,
tt0053502,
tt0187636,
tt5011816,
tt4320258,
tt0056751,
tt21279678,
tt0426371,
tt0063950,
tt3843168,
tt1466074,
tt4209256,
tt0118360,
tt2193041,
tt7235466,
tt2137109,
tt0285351,
tt1836037,
tt0090390,
tt2660806,
tt8369840,
tt2103085,
tt0101188,
tt2660734,
tt6873658,
tt5897304,
tt4396630,
tt0096694,
tt1416765,
tt7661390,
tt0094535,
tt14664414,
tt5288312,
tt4057372,
tt1582350,
tt0083437,
tt0799922,
tt0844653,
tt3061046,
tt0098749,
tt1828327,
tt7668518,
tt9184994,
tt1551632,
tt0118401,
tt0131613,
tt12327578,
tt0086687,
tt11712058,
tt1942683,
tt0115200,
tt9471404,
tt0118254,
tt8634332,
tt0874936,
tt0053488,
tt0790772,
tt11854694,
tt1073507,
tt11192306,
tt0343314,
tt0434706,
tt1534360,
tt12805346,
tt8543390,
tt0096684,
tt2616280,
tt1255913,
tt3909224,
tt10919486,
tt8103070,
tt11247158,
tt0204993,
tt2211129,
tt2578560,
tt5269594,
tt2543312,
tt3636060,
tt0092345,
tt1702042,
tt16030542,
tt4202274,
tt8880894,
tt2297757,
tt0112175,
tt0105950,
tt11815682,
tt13616990,
tt0105946,
tt8778064,
tt7658402,
tt0380136,
tt1741256,
tt0373732,
tt4565380,
tt1492179,
tt10850932,
tt3895150,
tt1429449,
tt13623148,
tt4644488,
tt8923854,
tt6877772,
tt1064899,
tt2887954,
tt0112123,
tt8210856,
tt1986770,
tt0478942,
tt0118303,
tt1795096,
tt7927936,
tt1958961,
tt0914387,
tt1086761,
tt8295472,
tt0111999,
tt1495708,
tt7562112,
tt10278918,
tt13640670,
tt6487482,
tt4998350,
tt2758950,
tt0756509,
tt0201391,
tt5853176,
tt2296682,
tt5368542,
tt11000902,
tt5028002,
tt9737326,
tt0278866,
tt1183865,
tt0115369,
tt0412175,
tt12714854,
tt2262532,
tt13819960,
tt11685912,
tt0368479,
tt0096542,
tt0826760,
tt5137338,
tt0147746,
tt6483832,
tt9055008,
tt4643084,
tt0096579,
tt2701582,
tt12920838,
tt6473344,
tt18335752,
tt2056366,
tt0273855,
tt0364828,
tt1983079,
tt3986586,
tt9184986,
tt8879940,
tt1190689,
tt9170236,
tt3877200,
tt3398540,
tt11301642,
tt13706018,
tt3766376,
tt5743796,
tt1526318,
tt13315156,
tt14482414,
tt0086759,
tt1830379,
tt9244578,
tt8809646,
tt0330251,
tt1299368,
tt4154858,
tt0139774,
tt0043208,
tt10826054,
tt0972412,
tt2359704,
tt1909015,
tt0361243,
tt1236246,
tt0381798,
tt3228420,
tt0458253,
tt0080240,
tt1232320,
tt13444912,
tt2183404,
tt12451520,
tt4655480,
tt6205862,
tt1608180,
tt9012876,
tt1235547,
tt1604099,
tt0417373,
tt2288064,
tt4975856,
tt0071075,
tt4922804,
tt4378376,
tt0126170,
tt0264263,
tt3551096,
tt2281375,
tt1582459,
tt0275140,
tt7441658,
tt6045840,
tt0312081,
tt8362852,
tt8910922,
tt1595680,
tt0115083,
tt15477488,
tt0086765,
tt12235718,
tt0118298,
tt0086659,
tt5639976,
tt9054904,
tt10839422,
tt3742982,
tt0297494,
tt4406178,
tt0239195,
tt5707802,
tt1349938,
tt1797404,
tt1528406,
tt6905542,
tt6111130,
tt8697870,
tt0799862,
tt9813792,
tt1758772,
tt7008682,
tt0096708,
tt4156586,
tt3250026,
tt20723374,
tt3502172,
tt0074028,
tt4647692,
tt4192812,
tt0163503,
tt0094517,
tt0106057,
tt0358856,
tt8787802,
tt8688814,
tt0976014,
tt0292800,
tt0955346,
tt0955322,
tt0758737,
tt12940504,
tt0105941,
tt2226342,
tt0071007,
tt1637574,
tt0485842,
tt2963254,
tt3155320,
tt0459159,
tt1001482,
tt10231312,
tt1672189,
tt8595766,
tt3487356,
tt3186130,
tt0103484,
tt3501074,
tt9398466,
tt3288518,
tt0059968,
tt1563069,
tt11612120,
tt11212276,
tt3079768,
tt0154061,
tt0101178,
tt4878326,
tt1888075,
tt4524056,
tt14269590,
tt15677150,
tt6128300,
tt7971476,
tt14218830,
tt11204260,
tt3663490,
tt4354880,
tt1409055,
tt1981558,
tt0419326,
tt6342474,
tt6170874,
tt0106064,
tt2568204,
tt3561180,
tt8633062,
tt11794642,
tt5994364,
tt0416394,
tt5295524,
tt5197820,
tt8226360,
tt0379632,
tt15469618,
tt4592410,
tt3502262,
tt2433738,
tt15591076,
tt10075318,
tt0086661,
tt0883772,
tt2733252,
tt1415889,
tt12306692,
tt3952222,
tt0251439,
tt7945720,
tt0057733,
tt11771270,
tt0210418,
tt0086817,
tt8388390,
tt6116060,
tt0760437,
tt1229413,
tt0320808,
tt0421030,
tt2543328,
tt0460690,
tt2771780,
tt4686698,
tt11846996,
tt3498622,
tt0055683,
tt11570202,
tt13138834,
tt14016500,
tt9679542,
tt0249327,
tt2077823,
tt1399045,
tt1780441,
tt0085033,
tt5565334,
tt0319931,
tt9447956,
tt1714204,
tt23900194,
tt2172103,
tt0235923,
tt1319735,
tt0965394,
tt10327354,
tt2183641,
tt0088571,
tt0437005,
tt8101850,
tt1751105,
tt8755226,
tt0262985,
tt14192814,
tt1353056,
tt0268093,
tt10244600,
tt11639414,
tt4094300,
tt0370194,
tt0312109,
tt7078710,
tt5614844,
tt1839683,
tt0908454,
tt0108872,
tt4051832,
tt4555364,
tt0129690,
tt13433812,
tt2311418,
tt11379026,
tt0106115,
tt10234362,
tt3337194,
tt2177489,
tt9064858,
tt1819654,
tt0118289,
tt4276618,
tt0425118,
tt0118364,
tt2521668,
tt5827228,
tt0386180,
tt4374208,
tt0321021,
tt10802170,
tt0300865,
tt4602768,
tt1758589,
tt8235236,
tt6466208,
tt0057729,
tt0096557,
tt0105929,
tt8741290,
tt1179817,
tt8531222,
tt14500082,
tt6439752,
tt0259141,
tt1280822,
tt14069590,
tt2300923,
tt5057130,
tt7472896,
tt2396135,
tt10577736,
tt1826805,
tt2379308,
tt0158417,
tt5607616,
